SYMBOL,OPEN,HIGH,LOW,CLOSE,SETTLE_PR,CONTRACTS,VAL_INLAKH,OPEN_INT,CHG_IN_OI,SETTLE_PR,TIMESTAMP
ACC,1751.8,1796.0,1751.8,1768.7,1768.7,2788.0,19789.98,1150000.0,-24800.0,1768.7,11-Aug-17
ADANIENT,113.9,116.2,106.7,113.95,113.95,2979.0,26870.09,24256000.0,40000.0,113.95,11-Aug-17
ADANIPORTS,382.9,387.45,380.75,385.2,385.2,2894.0,27793.65,6917500.0,85000.0,385.2,11-Aug-17
ADANIPOWER,27.5,28.15,26.1,27.3,27.3,1138.0,6192.44,94160000.0,-180000.0,27.3,11-Aug-17
AJANTPHARM,1207.0,1249.95,1203.4,1229.0,1229.0,816.0,4011.98,557600.0,-11600.0,1229.0,11-Aug-17
ALBK,64.8,67.55,63.15,64.85,64.85,2918.0,19095.29,15540000.0,270000.0,64.85,11-Aug-17
AMARAJABAT,795.0,813.05,786.4,803.45,803.45,957.0,4596.04,1458000.0,-96000.0,803.45,11-Aug-17
AMBUJACEM,267.7,269.8,263.8,264.65,264.65,1380.0,9202.05,9030000.0,82500.0,264.65,11-Aug-17
ANDHRABANK,50.7,51.45,49.1,49.6,49.6,1804.0,9056.72,23530000.0,-450000.0,49.6,11-Aug-17
APOLLOHOSP,1204.05,1239.05,1198.0,1221.05,1221.05,805.0,4935.51,1098500.0,6000.0,1221.05,11-Aug-17
APOLLOTYRE,259.1,263.5,253.25,258.45,258.45,4376.0,33959.05,11412000.0,-375000.0,258.45,11-Aug-17
ARVIND,364.9,373.9,358.3,366.6,366.6,2901.0,21280.46,6234000.0,-222000.0,366.6,11-Aug-17
ASHOKLEY,101.3,106.0,99.15,103.1,103.1,5249.0,37903.34,44667000.0,-1099000.0,103.1,11-Aug-17
ASIANPAINT,1144.4,1152.15,1123.85,1145.05,1145.05,3026.0,20647.77,2668200.0,126000.0,1145.05,11-Aug-17
AUROPHARMA,677.95,712.3,673.0,707.3,707.3,10950.0,60895.66,12508800.0,-44800.0,707.3,11-Aug-17
AXISBANK,484.95,494.75,481.0,491.85,491.85,13375.0,78536.25,31992000.0,-583200.0,491.85,11-Aug-17
BAJAJ-AUTO,2794.75,2806.1,2760.7,2797.1,2797.1,1951.0,13586.11,1151250.0,-4750.0,2797.1,11-Aug-17
BAJAJFINSV,4963.0,5189.95,4920.0,5015.95,5015.95,2982.0,18861.13,378625.0,31375.0,5015.95,11-Aug-17
BAJFINANCE,1621.1,1734.5,1596.85,1697.25,1697.25,15298.0,128633.6,3571500.0,-49500.0,1697.25,11-Aug-17
BALKRISIND,1481.35,1525.65,1455.0,1509.1,1509.1,397.0,2372.94,510400.0,-9600.0,1509.1,11-Aug-17
BALRAMCHIN,159.1,167.55,155.7,165.65,165.65,1667.0,9494.45,11910500.0,-577500.0,165.65,11-Aug-17
BANKBARODA,146.7,150.85,141.25,142.85,142.85,11935.0,60899.64,52818500.0,-224000.0,142.85,11-Aug-17
BANKINDIA,144.35,149.9,140.25,143.65,143.65,6413.0,55837.5,18174000.0,-1152000.0,143.65,11-Aug-17
BATAINDIA,627.5,644.95,620.15,637.05,637.05,2855.0,20018.27,2857800.0,-185900.0,637.05,11-Aug-17
BEL,165.65,171.3,161.0,170.15,170.15,2081.0,15644.79,16672500.0,-1039500.0,170.15,11-Aug-17
BEML,1485.8,1594.0,1445.2,1554.2,1554.2,5652.0,51904.61,1698600.0,-40200.0,1554.2,11-Aug-17
BERGEPAINT,246.3,248.0,231.65,239.35,239.35,724.0,3836.25,1091200.0,162800.0,239.35,11-Aug-17
BHARATFIN,760.0,794.0,756.55,787.15,787.15,5719.0,44512.11,11124000.0,9000.0,787.15,11-Aug-17
BHARATFORG,1142.3,1178.65,1135.95,1164.7,1164.7,5104.0,35512.96,4645200.0,-39600.0,1164.7,11-Aug-17
BHARTIARTL,417.35,420.2,411.75,416.2,416.2,3064.0,21679.9,29955700.0,-567800.0,416.2,11-Aug-17
BHEL,123.25,125.05,120.8,124.35,124.35,3268.0,20163.81,33105000.0,-1205000.0,124.35,11-Aug-17
BIOCON,325.05,347.6,325.05,342.0,342.0,3419.0,20858.22,10584000.0,169200.0,342.0,11-Aug-17
BOSCHLTD,23599.95,23671.5,22278.6,22637.45,22637.45,2746.0,15650.27,89175.0,1400.0,22637.45,11-Aug-17
BPCL,476.0,493.6,473.55,486.65,486.65,4099.0,35813.18,12492000.0,3600.0,486.65,11-Aug-17
BRITANNIA,4094.95,4157.95,4077.0,4113.45,4113.45,963.0,7912.33,424600.0,-16400.0,4113.45,11-Aug-17
CADILAHC,467.4,488.55,436.05,483.3,483.3,6952.0,51176.22,2691200.0,300800.0,483.3,11-Aug-17
CANBK,327.95,334.4,322.0,326.85,326.85,5804.0,58795.94,9520308.0,-67848.0,326.85,11-Aug-17
CANFINHOME,2769.95,2900.0,2765.15,2886.55,2886.55,816.0,5786.94,560000.0,-10750.0,2886.55,11-Aug-17
CAPF,696.0,715.85,681.95,705.9,705.9,2047.0,11479.58,2892000.0,-42400.0,705.9,11-Aug-17
CASTROLIND,370.4,382.2,370.4,374.05,374.05,776.0,4078.49,10106600.0,-102200.0,374.05,11-Aug-17
CEATLTD,1659.95,1717.55,1651.6,1697.8,1697.8,3458.0,41007.15,1635200.0,-106400.0,1697.8,11-Aug-17
CENTURYTEX,1153.55,1202.4,1123.7,1179.3,1179.3,7167.0,46219.56,7703300.0,-119900.0,1179.3,11-Aug-17
CESC,908.25,934.3,894.25,919.3,919.3,1743.0,17619.16,6171000.0,-166100.0,919.3,11-Aug-17
CGPOWER,71.15,81.55,67.6,77.4,77.4,1741.0,15647.43,20400000.0,2376000.0,77.4,11-Aug-17
CHENNPETRO,351.0,375.95,351.0,367.8,367.8,927.0,5097.89,2535000.0,-286500.0,367.8,11-Aug-17
CHOLAFIN,1121.1,1165.45,1114.8,1144.5,1144.5,412.0,2366.83,285500.0,-15500.0,1144.5,11-Aug-17
CIPLA,545.85,564.65,528.8,545.75,545.75,12774.0,70038.84,7513000.0,-468000.0,545.75,11-Aug-17
COALINDIA,237.5,240.35,234.25,236.3,236.3,3954.0,15917.68,25013800.0,-190400.0,236.3,11-Aug-17
COLPAL,1056.0,1062.5,1041.0,1049.5,1049.5,431.0,3160.78,1335600.0,-37800.0,1049.5,11-Aug-17
CONCOR,1134.0,1162.95,1090.05,1156.85,1156.85,1017.0,7206.07,930000.0,-23750.0,1156.85,11-Aug-17
CUMMINSIND,880.8,913.9,873.0,895.55,895.55,559.0,3002.56,575400.0,-17400.0,895.55,11-Aug-17
DABUR,305.0,308.25,302.2,304.25,304.25,686.0,5223.54,12785000.0,-235000.0,304.25,11-Aug-17
DALMIABHA,2390.05,2527.0,2376.2,2483.5,2483.5,923.0,6815.54,715200.0,5700.0,2483.5,11-Aug-17
DCBBANK,170.3,178.3,166.25,173.9,173.9,1337.0,10418.75,7173000.0,-783000.0,173.9,11-Aug-17
DHFL,401.25,422.45,393.35,418.6,418.6,7789.0,48165.9,17611500.0,-15000.0,418.6,11-Aug-17
DISHTV,71.05,72.0,70.0,71.55,71.55,952.0,4732.24,17360000.0,-854000.0,71.55,11-Aug-17
DIVISLAB,619.95,641.3,610.0,628.55,628.55,2230.0,11221.92,6953600.0,-90400.0,628.55,11-Aug-17
DLF,159.05,165.9,152.1,155.3,155.3,4232.0,33903.93,41290000.0,-3530000.0,155.3,11-Aug-17
DRREDDY,1932.15,2037.85,1907.4,2018.7,2018.7,15574.0,61696.44,4518400.0,-373600.0,2018.7,11-Aug-17
EICHERMOT,29724.9,30207.55,29275.0,29643.75,29643.75,4317.0,32018.58,135275.0,-1925.0,29643.75,11-Aug-17
ENGINERSIN,142.7,150.75,142.0,149.25,149.25,1682.0,8703.37,11735500.0,-829500.0,149.25,11-Aug-17
EQUITAS,153.1,157.25,150.1,156.35,156.35,757.0,3741.65,6691200.0,-28800.0,156.35,11-Aug-17
ESCORTS,575.15,607.35,547.15,593.95,593.95,7314.0,46542.99,4799300.0,-187000.0,593.95,11-Aug-17
EXIDEIND,196.65,207.0,194.95,203.35,203.35,2013.0,16315.42,13896000.0,-696000.0,203.35,11-Aug-17
FEDERALBNK,102.8,106.95,100.75,105.9,105.9,4828.0,55557.84,66154000.0,-5027000.0,105.9,11-Aug-17
FORTIS,149.5,158.75,148.5,152.45,152.45,2740.0,11291.58,42940800.0,-2062800.0,152.45,11-Aug-17
GAIL,357.1,371.1,355.6,366.8,366.8,2902.0,21153.16,9556000.0,-84000.0,366.8,11-Aug-17
GLENMARK,604.95,624.4,595.0,617.65,617.65,2527.0,10849.6,5153400.0,-25900.0,617.65,11-Aug-17
GMRINFRA,15.5,16.25,15.1,15.6,15.6,1855.0,13069.75,316350000.0,-855000.0,15.6,11-Aug-17
GODFRYPHLP,874.3,918.8,836.6,900.5,900.5,854.0,3751.13,763000.0,-34500.0,900.5,11-Aug-17
GODREJCP,893.75,923.0,865.15,905.55,905.55,1506.0,10780.71,2112800.0,-68000.0,905.55,11-Aug-17
GODREJIND,569.75,590.5,550.25,560.8,560.8,1491.0,12747.27,2860500.0,142500.0,560.8,11-Aug-17
GRANULES,103.05,111.85,101.5,109.0,109.0,1352.0,7250.13,12660000.0,-1040000.0,109.0,11-Aug-17
GRASIM,1050.0,1082.7,1048.0,1063.35,1063.35,1431.0,11452.22,2328000.0,-17250.0,1063.35,11-Aug-17
GSFC,115.75,122.9,113.2,121.4,121.4,1549.0,8318.44,14040000.0,-211500.0,121.4,11-Aug-17
HAVELLS,462.25,471.4,451.3,460.55,460.55,1474.0,13642.44,3112000.0,-130000.0,460.55,11-Aug-17
HCC,33.25,34.65,32.65,33.95,33.95,480.0,1935.95,25092000.0,-480000.0,33.95,11-Aug-17
HCLTECH,881.65,893.25,868.25,874.95,874.95,2307.0,14165.47,5639900.0,70700.0,874.95,11-Aug-17
HDFC,1695.2,1717.05,1688.4,1698.95,1698.95,6523.0,55428.24,8877000.0,-55000.0,1698.95,11-Aug-17
HDFCBANK,1750.05,1763.8,1738.5,1756.3,1756.3,12722.0,111496.98,19275000.0,37000.0,1756.3,11-Aug-17
HDIL,55.25,60.4,54.0,58.7,58.7,4432.0,20544.34,30744000.0,2832000.0,58.7,11-Aug-17
HEROMOTOCO,3900.0,3900.0,3815.05,3849.5,3849.5,2252.0,17331.94,843800.0,4600.0,3849.5,11-Aug-17
HEXAWARE,251.85,259.55,247.9,254.85,254.85,776.0,5929.25,1794000.0,-114000.0,254.85,11-Aug-17
HINDALCO,234.9,236.0,218.7,222.15,222.15,18869.0,150247.25,37873500.0,-682500.0,222.15,11-Aug-17
HINDPETRO,407.2,439.0,400.15,430.25,430.25,10929.0,72953.27,26236350.0,696150.0,430.25,11-Aug-17
HINDUNILVR,1170.0,1180.0,1149.1,1157.65,1157.65,2941.0,20533.83,8651400.0,-264000.0,1157.65,11-Aug-17
HINDZINC,279.5,282.0,268.35,271.15,271.15,2009.0,17839.15,9942400.0,-35200.0,271.15,11-Aug-17
IBREALEST,219.5,232.5,217.1,226.35,226.35,1193.0,26944.98,40180000.0,-340000.0,226.35,11-Aug-17
IBULHSGFIN,1141.0,1161.0,1131.3,1154.45,1154.45,4226.0,38864.97,7351200.0,-45600.0,1154.45,11-Aug-17
ICICIBANK,284.5,291.0,281.55,288.3,288.3,12973.0,102501.58,90213750.0,1240250.0,288.3,11-Aug-17
ICICIPRULI,409.45,430.85,403.05,428.55,428.55,1151.0,6272.67,4239300.0,-105300.0,428.55,11-Aug-17
ICIL,127.95,129.0,107.55,115.65,115.65,4526.0,18911.52,8869000.0,-35000.0,115.65,11-Aug-17
IDBI,52.7,54.25,52.1,52.65,52.65,1536.0,6540.36,32944000.0,-216000.0,52.65,11-Aug-17
IDEA,86.05,89.25,85.7,86.7,86.7,2358.0,14463.09,58198000.0,-133000.0,86.7,11-Aug-17
IDFC,53.75,55.45,53.0,53.85,53.85,1931.0,13815.58,115882800.0,-2349600.0,53.85,11-Aug-17
IDFCBANK,53.6,54.45,52.65,53.3,53.3,1857.0,8960.38,96084000.0,-1827000.0,53.3,11-Aug-17
IFCI,20.7,22.2,20.65,21.75,21.75,1703.0,8061.2,79046000.0,2134000.0,21.75,11-Aug-17
IGL,1182.25,1234.95,1180.15,1221.7,1221.7,3238.0,21577.03,1019700.0,142450.0,1221.7,11-Aug-17
INDIACEM,170.6,183.15,167.9,176.2,176.2,5501.0,34196.76,25868500.0,378000.0,176.2,11-Aug-17
INDIANB,270.1,285.5,262.2,280.05,280.05,2268.0,12477.45,3766000.0,-348000.0,280.05,11-Aug-17
INDIGO,1205.0,1237.9,1185.05,1215.15,1215.15,1646.0,11953.49,1635600.0,27000.0,1215.15,11-Aug-17
INDUSINDBK,1620.7,1641.05,1606.0,1633.9,1633.9,3934.0,38314.87,4383000.0,145200.0,1633.9,11-Aug-17
INFIBEAM,1330.0,1408.6,1308.95,1386.1,1386.1,1524.0,8364.25,4426400.0,44800.0,1386.1,11-Aug-17
INFRATEL,381.95,385.65,378.0,384.3,384.3,1338.0,8687.11,11102700.0,-459000.0,384.3,11-Aug-17
INFY,974.3,997.6,972.7,988.75,988.75,11934.0,58881.69,26148500.0,-280500.0,988.75,11-Aug-17
IOC,406.3,416.45,404.0,413.15,413.15,6341.0,39060.12,20865000.0,-370500.0,413.15,11-Aug-17
IRB,194.75,206.65,194.75,203.75,203.75,2600.0,13114.09,19337500.0,-807500.0,203.75,11-Aug-17
ITC,272.4,274.85,270.7,272.15,272.15,6809.0,44606.84,50887200.0,-528000.0,272.15,11-Aug-17
JETAIRWAYS,545.15,576.35,523.0,557.6,557.6,4023.0,26864.59,3349200.0,-193200.0,557.6,11-Aug-17
JINDALSTEL,121.65,130.7,114.5,128.45,128.45,2900.0,16309.46,35032500.0,-2943000.0,128.45,11-Aug-17
JISLJALEQS,90.85,93.7,86.0,92.2,92.2,795.0,6397.38,35586000.0,-1890000.0,92.2,11-Aug-17
JPASSOCIAT,21.35,22.35,19.4,21.4,21.4,2699.0,38601.72,167552000.0,6868000.0,21.4,11-Aug-17
JSWENERGY,63.75,66.5,61.6,64.25,64.25,1208.0,6578.52,54935500.0,-2754000.0,64.25,11-Aug-17
JSWSTEEL,222.55,226.6,218.3,224.0,224.0,4070.0,27283.98,52602000.0,405000.0,224.0,11-Aug-17
JUBLFOOD,1290.7,1333.85,1271.05,1296.6,1296.6,4694.0,30572.54,1751500.0,-13000.0,1296.6,11-Aug-17
JUSTDIAL,334.8,345.5,330.15,341.85,341.85,2068.0,8414.69,4762800.0,-10800.0,341.85,11-Aug-17
KAJARIACER,611.0,637.0,605.0,626.1,626.1,205.0,1018.57,475200.0,-26400.0,626.1,11-Aug-17
KOTAKBANK,986.95,999.7,977.75,993.25,993.25,6688.0,52983.18,8700800.0,-335200.0,993.25,11-Aug-17
KPIT,105.25,113.75,104.0,110.1,110.1,926.0,4077.41,12588000.0,-304000.0,110.1,11-Aug-17
KSCL,510.95,552.85,496.65,522.45,522.45,3392.0,26676.05,4077000.0,340500.0,522.45,11-Aug-17
KTKBANK,135.4,143.4,134.45,139.05,139.05,3034.0,16063.29,23696800.0,-1067800.0,139.05,11-Aug-17
L&TFH,162.15,168.0,158.6,163.85,163.85,4366.0,32120.39,14215500.0,-36000.0,163.85,11-Aug-17
LICHSGFIN,651.45,671.95,643.45,655.0,655.0,4627.0,33521.79,6025800.0,-525800.0,655.0,11-Aug-17
LT,1139.0,1147.45,1127.35,1136.25,1136.25,4826.0,41164.56,8973750.0,-143250.0,1136.25,11-Aug-17
LUPIN,932.95,959.0,915.0,944.25,944.25,8630.0,32551.89,8721200.0,-49600.0,944.25,11-Aug-17
M&M,1378.3,1390.6,1342.0,1348.85,1348.85,3815.0,26008.32,3581000.0,35500.0,1348.85,11-Aug-17
M&MFIN,405.5,418.7,388.0,414.1,414.1,6534.0,65613.82,7397500.0,-320000.0,414.1,11-Aug-17
MANAPPURAM,87.0,87.6,81.75,85.45,85.45,3406.0,17430.13,28056000.0,-1584000.0,85.45,11-Aug-17
MARICO,319.6,324.9,317.35,321.55,321.55,525.0,4392.51,4196400.0,46800.0,321.55,11-Aug-17
MARUTI,7476.35,7482.55,7326.1,7406.7,7406.7,10320.0,114801.17,1795350.0,-8700.0,7406.7,11-Aug-17
MCDOWELL-N,2467.45,2524.95,2425.0,2429.8,2429.8,3063.0,18861.43,1922000.0,115000.0,2429.8,11-Aug-17
MCX,1005.45,1038.35,976.5,1026.85,1026.85,1119.0,5703.11,1287000.0,-64000.0,1026.85,11-Aug-17
MFSL,586.75,617.9,585.1,611.9,611.9,1114.0,6773.08,3277000.0,-46000.0,611.9,11-Aug-17
MGL,959.9,997.9,923.45,989.9,989.9,816.0,4750.16,901200.0,-69000.0,989.9,11-Aug-17
MINDTREE,450.0,461.55,441.65,457.4,457.4,738.0,4028.32,4621200.0,-138000.0,457.4,11-Aug-17
MOTHERSUMI,309.0,323.95,305.35,322.15,322.15,2411.0,28497.25,6922500.0,-243750.0,322.15,11-Aug-17
MRF,63122.55,65300.0,62651.05,64058.0,64058.0,1703.0,16325.65,47580.0,-2025.0,64058.0,11-Aug-17
MRPL,116.4,121.15,114.5,118.65,118.65,1167.0,6201.04,8406000.0,-85500.0,118.65,11-Aug-17
MUTHOOTFIN,425.85,454.0,416.9,444.7,444.7,1416.0,9401.28,2301000.0,-217500.0,444.7,11-Aug-17
NATIONALUM,63.65,65.35,62.0,62.5,62.5,540.0,2748.54,12480000.0,-568000.0,62.5,11-Aug-17
NBCC,192.15,203.7,188.7,200.05,200.05,975.0,5772.75,3342000.0,-417000.0,200.05,11-Aug-17
NCC,80.4,85.85,79.9,83.2,83.2,1706.0,11367.02,22312000.0,-1752000.0,83.2,11-Aug-17
NESTLEIND,6510.05,6592.05,6510.05,6552.4,6552.4,127.0,832.86,80500.0,400.0,6552.4,11-Aug-17
NHPC,29.7,30.45,29.5,30.25,30.25,312.0,2523.97,21654000.0,-1566000.0,30.25,11-Aug-17
NIITTECH,461.7,494.05,461.15,481.15,481.15,427.0,3092.92,1353000.0,-135000.0,481.15,11-Aug-17
NMDC,120.1,123.75,115.95,117.65,117.65,3140.0,22551.52,24078000.0,-1800000.0,117.65,11-Aug-17
NTPC,171.8,173.65,168.2,169.7,169.7,2053.0,14028.97,19652000.0,-196000.0,169.7,11-Aug-17
OFSS,3469.9,3499.45,3428.05,3480.85,3480.85,164.0,855.19,67500.0,-750.0,3480.85,11-Aug-17
OIL,277.65,288.2,273.9,279.1,279.1,628.0,4003.19,1901174.0,-95172.0,279.1,11-Aug-17
ONGC,161.95,162.6,159.35,160.4,160.4,3687.0,22287.89,48513750.0,1233750.0,160.4,11-Aug-17
ORIENTBANK,124.65,128.5,116.4,118.3,118.3,3672.0,26869.36,16740000.0,486000.0,118.3,11-Aug-17
PAGEIND,16099.95,16229.85,15071.2,15866.05,15866.05,507.0,4007.47,32950.0,-1550.0,15866.05,11-Aug-17
PCJEWELLER,290.15,300.95,282.45,297.4,297.4,1928.0,17013.48,3957000.0,-183000.0,297.4,11-Aug-17
PEL,2700.0,2788.35,2650.0,2711.0,2711.0,1820.0,14802.98,813900.0,22800.0,2711.0,11-Aug-17
PETRONET,208.45,213.45,204.65,211.15,211.15,3244.0,20468.09,12993000.0,-60000.0,211.15,11-Aug-17
PFC,117.65,121.55,115.55,117.95,117.95,5708.0,40646.35,39672000.0,-342000.0,117.95,11-Aug-17
PIDILITIND,780.0,786.9,772.75,785.1,785.1,646.0,5043.66,986000.0,-3000.0,785.1,11-Aug-17
PNB,139.0,145.25,137.75,140.6,140.6,13200.0,65477.12,24524500.0,-609000.0,140.6,11-Aug-17
POWERGRID,215.1,221.1,215.1,219.05,219.05,1216.0,10642.43,10640000.0,-620000.0,219.05,11-Aug-17
PTC,106.15,112.7,101.95,109.05,109.05,1975.0,17211.55,13688000.0,-288000.0,109.05,11-Aug-17
PVR,1304.9,1342.0,1260.7,1291.2,1291.2,1017.0,5272.98,642800.0,60000.0,1291.2,11-Aug-17
RAMCOCEM,652.95,667.8,651.3,662.5,662.5,161.0,850.1,520800.0,-9600.0,662.5,11-Aug-17
RAYMOND,715.0,738.3,686.0,719.45,719.45,1101.0,6305.99,2048800.0,-26400.0,719.45,11-Aug-17
RBLBANK,479.85,490.8,467.65,483.9,483.9,2049.0,9853.92,14474000.0,111000.0,483.9,11-Aug-17
RCOM,20.8,21.4,19.9,20.9,20.9,1984.0,5781.24,98126000.0,-476000.0,20.9,11-Aug-17
RDEL,49.65,52.35,48.85,51.5,51.5,522.0,2368.68,14598000.0,-117000.0,51.5,11-Aug-17
RECLTD,161.15,168.65,154.95,165.35,165.35,5016.0,49122.64,36084000.0,-1998000.0,165.35,11-Aug-17
RELCAPITAL,748.05,766.75,717.25,752.05,752.05,16219.0,182421.54,10714500.0,352500.0,752.05,11-Aug-17
RELIANCE,1568.7,1586.25,1540.25,1554.55,1554.55,20840.0,163033.16,13304000.0,-56000.0,1554.55,11-Aug-17
RELINFRA,464.7,476.6,450.6,468.9,468.9,7157.0,43389.4,9215700.0,71500.0,468.9,11-Aug-17
REPCOHOME,628.0,647.7,621.0,637.7,637.7,260.0,1155.06,672000.0,27300.0,637.7,11-Aug-17
RPOWER,38.5,39.35,37.7,38.8,38.8,880.0,4079.22,59904000.0,300000.0,38.8,11-Aug-17
SAIL,58.2,58.55,56.15,56.6,56.6,2301.0,15859.61,51852000.0,396000.0,56.6,11-Aug-17
SBIN,294.1,304.3,278.5,281.25,281.25,73813.0,639581.63,75375000.0,9750000.0,281.25,11-Aug-17
SHREECEM,17250.0,17812.5,16752.75,17557.3,17557.3,213.0,1842.13,28700.0,-2150.0,17557.3,11-Aug-17
SIEMENS,1274.2,1297.05,1255.0,1284.2,1284.2,930.0,5932.8,495000.0,7000.0,1284.2,11-Aug-17
SINTEX,25.6,29.2,24.85,28.45,28.45,4208.0,8238.78,17377875.0,-2094750.0,28.45,11-Aug-17
SOUTHBANK,25.95,27.1,25.45,26.35,26.35,1306.0,11404.71,102206844.0,-265128.0,26.35,11-Aug-17
SREINFRA,105.05,113.8,104.3,111.35,111.35,520.0,2855.41,8905000.0,-150000.0,111.35,11-Aug-17
SRF,1438.6,1505.95,1431.45,1480.75,1480.75,1190.0,8796.08,675500.0,-79500.0,1480.75,11-Aug-17
SRTRANSFIN,913.2,959.9,913.2,954.0,954.0,2322.0,13192.38,5521200.0,-200400.0,954.0,11-Aug-17
STAR,925.0,960.0,865.0,875.05,875.05,3473.0,15608.39,2031500.0,56500.0,875.05,11-Aug-17
SUNPHARMA,460.0,464.9,445.2,451.7,451.7,17734.0,64617.35,39352000.0,844000.0,451.7,11-Aug-17
SUNTV,667.3,718.0,665.05,705.6,705.6,5304.0,37061.17,7638000.0,-415000.0,705.6,11-Aug-17
SUZLON,15.3,15.75,14.45,15.3,15.3,4570.0,20858.18,526650000.0,-9930000.0,15.3,11-Aug-17
SYNDIBANK,63.1,64.05,61.1,62.65,62.65,1695.0,9566.59,19341000.0,-288000.0,62.65,11-Aug-17
TATACHEM,565.0,584.0,562.1,579.45,579.45,1164.0,10054.01,4336500.0,-223500.0,579.45,11-Aug-17
TATACOMM,581.0,616.0,570.55,587.25,587.25,3837.0,16065.16,9228100.0,-41300.0,587.25,11-Aug-17
TATAELXSI,1606.1,1640.05,1587.7,1608.85,1608.85,1251.0,8073.95,1236000.0,-14400.0,1608.85,11-Aug-17
TATAGLOBAL,155.45,165.25,151.95,164.7,164.7,4880.0,35242.09,29151000.0,-553500.0,164.7,11-Aug-17
TATAMOTORS,377.5,380.4,360.2,375.95,375.95,17608.0,98395.02,42762000.0,-1255500.0,375.95,11-Aug-17
TATAMTRDVR,218.55,224.2,213.35,223.45,223.45,3327.0,15384.99,20397300.0,-1203300.0,223.45,11-Aug-17
TATAPOWER,76.65,77.05,76.05,76.8,76.8,637.0,4391.13,25758000.0,-288000.0,76.8,11-Aug-17
TATASTEEL,605.15,607.9,591.75,597.5,597.5,16188.0,194291.69,23420000.0,290000.0,597.5,11-Aug-17
TCS,2516.15,2548.0,2495.6,2506.75,2506.75,4983.0,31365.37,5282750.0,-40000.0,2506.75,11-Aug-17
TECHM,403.55,413.5,402.25,403.5,403.5,2686.0,12032.48,8111400.0,-39600.0,403.5,11-Aug-17
TITAN,603.8,619.0,603.1,609.55,609.55,2730.0,25003.69,5320500.0,-117000.0,609.55,11-Aug-17
TORNTPHARM,1216.8,1246.95,1200.05,1221.15,1221.15,323.0,1575.98,221600.0,-17200.0,1221.15,11-Aug-17
TORNTPOWER,187.25,195.45,184.0,193.95,193.95,1085.0,6233.11,6324000.0,-147000.0,193.95,11-Aug-17
TV18BRDCST,34.95,36.0,34.6,35.4,35.4,711.0,4262.18,82807000.0,-221000.0,35.4,11-Aug-17
TVSMOTOR,567.35,575.0,521.8,530.35,530.35,7751.0,84420.13,5570000.0,854000.0,530.35,11-Aug-17
UBL,817.0,826.95,777.0,788.2,788.2,1575.0,8899.64,1246000.0,-98700.0,788.2,11-Aug-17
UJJIVAN,303.6,316.25,302.45,311.05,311.05,1901.0,7063.76,7542000.0,-286800.0,311.05,11-Aug-17
ULTRACEMCO,3900.0,3977.85,3858.15,3929.75,3929.75,2889.0,22660.79,1430800.0,800.0,3929.75,11-Aug-17
UNIONBANK,128.8,130.05,124.15,127.55,127.55,8021.0,40711.68,20528000.0,-12000.0,127.55,11-Aug-17
UPL,812.1,831.5,798.7,814.45,814.45,1543.0,15113.07,4758000.0,45600.0,814.45,11-Aug-17
VEDL,295.15,295.9,277.35,279.7,279.7,17901.0,180075.47,36351000.0,-623000.0,279.7,11-Aug-17
VGUARD,165.05,174.6,164.55,172.7,172.7,404.0,2062.91,3159000.0,-51000.0,172.7,11-Aug-17
VOLTAS,512.0,525.65,508.2,519.2,519.2,1919.0,19863.43,3278000.0,14000.0,519.2,11-Aug-17
WIPRO,289.45,294.95,289.25,290.5,290.5,2473.0,17296.27,21710400.0,-7200.0,290.5,11-Aug-17
WOCKPHARMA,554.6,565.0,539.0,557.95,557.95,1899.0,8410.42,3102400.0,10400.0,557.95,11-Aug-17
YESBANK,1711.1,1764.7,1711.1,1746.7,1746.7,19248.0,117430.09,8554700.0,-222250.0,1746.7,11-Aug-17
ZEEL,520.45,521.9,505.7,507.55,507.55,3119.0,20836.62,5993000.0,237900.0,507.55,11-Aug-17
ACC,1771.2,1792.5,1757.45,1783.85,1783.85,2335,16578.86,1143200,-6800,1783.85,14-AUG-2017
ADANIENT,114.65,118.55,112.0,116.95,116.95,1874,17362.76,24384000,128000,116.95,14-AUG-2017
ADANIPORTS,387.55,406.55,387.5,398.1,398.1,3363,33475.12,6850000,-67500,398.1,14-AUG-2017
ADANIPOWER,27.45,28.9,27.4,28.7,28.7,567,3216.6,93160000,-1000000,28.7,14-AUG-2017
AJANTPHARM,1242.8,1258.3,1218.0,1242.25,1242.25,616,3053.28,548800,-8800,1242.25,14-AUG-2017
ALBK,65.7,66.2,64.65,65.55,65.55,1041,6797.67,15660000,120000,65.55,14-AUG-2017
AMARAJABAT,809.55,819.15,802.45,815.4,815.4,947,4619.86,1447800,-10200,815.4,14-AUG-2017
AMBUJACEM,266.05,267.25,263.6,266.2,266.2,1749,11615.15,9720000,690000,266.2,14-AUG-2017
ANDHRABANK,50.5,50.75,49.85,50.15,50.15,771,3863.22,23480000,-50000,50.15,14-AUG-2017
APOLLOHOSP,1220.1,1243.1,1185.9,1190.4,1190.4,1455,8772.44,1250500,152000,1190.4,14-AUG-2017
APOLLOTYRE,261.0,265.7,259.5,263.55,263.55,3039,23934.23,10974000,-438000,263.55,14-AUG-2017
ARVIND,369.05,376.85,369.0,372.75,372.75,1835,13693.59,6326000,92000,372.75,14-AUG-2017
ASHOKLEY,104.65,107.05,104.65,105.3,105.3,2603,19224.57,45304000,637000,105.3,14-AUG-2017
ASIANPAINT,1148.15,1165.65,1146.1,1155.9,1155.9,1889,13095.79,2735400,67200,1155.9,14-AUG-2017
AUROPHARMA,713.4,722.95,707.6,715.3,715.3,5782,33132.51,12403200,-105600,715.3,14-AUG-2017
AXISBANK,493.1,499.45,491.7,494.0,494.0,7262,43123.87,32162400,170400,494.0,14-AUG-2017
BAJAJ-AUTO,2796.35,2850.0,2788.8,2836.2,2836.2,1827,12912.01,1132750,-18500,2836.2,14-AUG-2017
BAJAJFINSV,5075.0,5258.0,5075.0,5241.9,5241.9,2068,13422.95,391000,12375,5241.9,14-AUG-2017
BAJFINANCE,1718.75,1745.6,1712.35,1719.7,1719.7,5461,47129.49,3698500,127000,1719.7,14-AUG-2017
BALKRISIND,1537.9,1548.0,1517.1,1540.05,1540.05,89,547.01,515600,5200,1540.05,14-AUG-2017
BALRAMCHIN,167.35,171.4,165.7,169.45,169.45,1136,6704.5,11900000,-10500,169.45,14-AUG-2017
BANKBARODA,141.0,143.45,140.0,142.75,142.75,10130,50423.4,54540500,1722000,142.75,14-AUG-2017
BANKINDIA,145.3,148.3,143.8,145.4,145.4,3418,29887.26,18330000,156000,145.4,14-AUG-2017
BATAINDIA,641.45,666.0,639.7,662.6,662.6,4228,30642.37,3072300,214500,662.6,14-AUG-2017
BEL,171.8,178.0,170.9,176.55,176.55,1258,9884.37,16110000,-562500,176.55,14-AUG-2017
BEML,1566.55,1764.0,1566.0,1746.15,1746.15,10344,104725.03,1872000,173400,1746.15,14-AUG-2017
BERGEPAINT,244.25,253.7,242.0,247.65,247.65,431,2341.56,970200,-121000,247.65,14-AUG-2017
BHARATFIN,796.3,808.0,794.25,805.1,805.1,3460,27767.1,11150000,26000,805.1,14-AUG-2017
BHARATFORG,1178.2,1188.0,1169.35,1182.85,1182.85,2512,17803.57,4620600,-24600,1182.85,14-AUG-2017
BHARTIARTL,413.65,415.55,405.9,410.65,410.65,3410,23842.9,29751700,-204000,410.65,14-AUG-2017
BHEL,126.15,127.0,124.8,126.2,126.2,1259,7932.36,33115000,10000,126.2,14-AUG-2017
BIOCON,343.3,353.35,339.35,350.0,350.0,3193,19884.21,10474200,-109800,350.0,14-AUG-2017
BOSCHLTD,22637.05,22939.95,21968.55,22209.5,22209.5,1190,6624.77,89450,275,22209.5,14-AUG-2017
BPCL,485.4,485.4,466.4,481.05,481.05,3738,32020.38,13314600,822600,481.05,14-AUG-2017
BRITANNIA,4136.05,4205.95,4129.4,4180.0,4180.0,823,6873.33,414800,-9800,4180.0,14-AUG-2017
CADILAHC,484.3,501.7,479.05,487.7,487.7,1770,13839.95,2689600,-1600,487.7,14-AUG-2017
CANBK,330.85,332.95,327.3,331.55,331.55,3213,32739.47,9538812,18504,331.55,14-AUG-2017
CANFINHOME,2916.8,2972.0,2905.1,2943.0,2943.0,436,3205.6,563000,3000,2943.0,14-AUG-2017
CAPF,715.1,740.0,715.1,734.55,734.55,1819,10624.53,3056000,164000,734.55,14-AUG-2017
CASTROLIND,376.9,382.0,376.1,379.55,379.55,470,2497.59,10140200,33600,379.55,14-AUG-2017
CEATLTD,1716.85,1728.0,1695.0,1705.6,1705.6,2359,28245.24,1636600,1400,1705.6,14-AUG-2017
CENTURYTEX,1192.7,1227.1,1191.0,1216.0,1216.0,4547,30259.51,7718700,15400,1216.0,14-AUG-2017
CESC,926.55,949.0,925.1,945.95,945.95,1371,14130.45,6281000,110000,945.95,14-AUG-2017
CGPOWER,81.35,82.55,78.55,81.55,81.55,1145,11053.74,20256000,-144000,81.55,14-AUG-2017
CHENNPETRO,371.05,379.8,365.6,379.1,379.1,700,3933.47,2376000,-159000,379.1,14-AUG-2017
CHOLAFIN,1164.55,1178.0,1154.45,1157.9,1157.9,147,856.43,288500,3000,1157.9,14-AUG-2017
CIPLA,559.75,577.0,556.75,571.05,571.05,6888,39216.55,7339000,-174000,571.05,14-AUG-2017
COALINDIA,236.8,241.5,236.7,238.75,238.75,2790,11329.64,25505100,491300,238.75,14-AUG-2017
COLPAL,1053.95,1066.25,1042.45,1051.3,1051.3,375,2770.64,1318800,-16800,1051.3,14-AUG-2017
CONCOR,1158.4,1179.05,1158.4,1174.55,1174.55,378,2767.06,903750,-26250,1174.55,14-AUG-2017
CUMMINSIND,907.45,907.45,874.95,886.75,886.75,634,3377.93,639600,64200,886.75,14-AUG-2017
DABUR,306.4,311.65,304.5,307.5,307.5,465,3588.5,12755000,-30000,307.5,14-AUG-2017
DALMIABHA,2489.95,2585.0,2489.95,2565.75,2565.75,459,3518.23,712500,-2700,2565.75,14-AUG-2017
DCBBANK,176.75,182.25,176.5,181.3,181.3,855,6906.57,6952500,-220500,181.3,14-AUG-2017
DHFL,423.65,443.4,423.4,440.45,440.45,5910,38513.42,17884500,273000,440.45,14-AUG-2017
DISHTV,75.3,75.3,72.2,73.7,73.7,739,3795.26,17423000,63000,73.7,14-AUG-2017
DIVISLAB,617.5,645.0,610.0,641.4,641.4,2183,11056.59,7068000,114400,641.4,14-AUG-2017
DLF,160.0,183.5,160.0,181.6,181.6,6125,53140.59,37905000,-3385000,181.6,14-AUG-2017
DRREDDY,2005.0,2044.9,1979.1,2008.8,2008.8,8384,33709.84,4487200,-31200,2008.8,14-AUG-2017
EICHERMOT,29800.0,30938.0,29800.0,30415.8,30415.8,3041,23174.64,138600,3325,30415.8,14-AUG-2017
ENGINERSIN,151.85,152.45,148.95,150.85,150.85,878,4629.51,11746000,10500,150.85,14-AUG-2017
EQUITAS,156.4,159.0,156.0,156.8,156.8,529,2664.45,6748800,57600,156.8,14-AUG-2017
ESCORTS,603.85,619.4,595.5,614.0,614.0,2488,16654.6,4824600,25300,614.0,14-AUG-2017
EXIDEIND,206.95,209.4,205.25,208.2,208.2,702,5832.44,13700000,-196000,208.2,14-AUG-2017
FEDERALBNK,107.45,109.5,106.9,108.95,108.95,2268,27046.64,65087000,-1067000,108.95,14-AUG-2017
FORTIS,153.5,154.0,147.4,150.2,150.2,520,2133.99,42498000,-442800,150.2,14-AUG-2017
GAIL,367.6,373.5,367.05,369.85,369.85,1223,9066.51,9546000,-10000,369.85,14-AUG-2017
GLENMARK,610.8,636.9,610.8,632.75,632.75,1737,7620.11,5205200,51800,632.75,14-AUG-2017
GMRINFRA,15.85,16.45,15.8,16.1,16.1,1335,9639.78,313155000,-3195000,16.1,14-AUG-2017
GODFRYPHLP,926.1,934.7,905.0,909.8,909.8,299,1374.01,753500,-9500,909.8,14-AUG-2017
GODREJCP,909.85,940.0,909.85,920.85,920.85,754,5577.97,2110400,-2400,920.85,14-AUG-2017
GODREJIND,565.55,581.7,565.55,578.05,578.05,820,7077.33,2785500,-75000,578.05,14-AUG-2017
GRANULES,110.5,117.0,110.35,116.05,116.05,1431,8122.74,12585000,-75000,116.05,14-AUG-2017
GRASIM,1088.55,1121.8,1073.35,1114.05,1114.05,4610,38043.9,2544750,216750,1114.05,14-AUG-2017
GSFC,123.15,126.25,122.95,125.6,125.6,848,4765.0,13990500,-49500,125.6,14-AUG-2017
HAVELLS,470.1,480.1,464.0,478.5,478.5,1116,10562.52,3082000,-30000,478.5,14-AUG-2017
HCC,34.9,35.5,34.4,35.15,35.15,494,2066.89,25308000,216000,35.15,14-AUG-2017
HCLTECH,875.5,879.75,860.1,862.85,862.85,1168,7114.18,5708500,68600,862.85,14-AUG-2017
HDFC,1708.1,1746.05,1697.75,1717.65,1717.65,6580,56822.98,9128500,251500,1717.65,14-AUG-2017
HDFCBANK,1759.8,1779.75,1754.75,1764.5,1764.5,8372,74057.35,19709500,434500,1764.5,14-AUG-2017
HDIL,58.1,66.15,55.85,63.55,63.55,7474,36523.38,35344000,4600000,63.55,14-AUG-2017
HEROMOTOCO,3861.25,3975.95,3861.25,3956.9,3956.9,2647,20845.75,866600,22800,3956.9,14-AUG-2017
HEXAWARE,256.9,268.9,256.3,264.5,264.5,1957,15544.51,2148000,354000,264.5,14-AUG-2017
HINDALCO,224.45,232.65,224.45,230.15,230.15,8848,70857.65,39273500,1400000,230.15,14-AUG-2017
HINDPETRO,436.85,443.45,425.5,439.35,439.35,5500,37745.04,26231625,-4725,439.35,14-AUG-2017
HINDUNILVR,1162.1,1172.1,1152.1,1158.2,1158.2,1702,11868.92,8627400,-24000,1158.2,14-AUG-2017
HINDZINC,272.5,283.7,272.25,282.0,282.0,1391,12453.07,9958400,16000,282.0,14-AUG-2017
IBREALEST,232.3,238.7,223.75,229.75,229.75,800,18484.8,40250000,70000,229.75,14-AUG-2017
IBULHSGFIN,1174.5,1183.0,1165.35,1177.25,1177.25,1837,17259.6,7351200,0,1177.25,14-AUG-2017
ICICIBANK,288.2,293.75,288.15,292.55,292.55,6816,54663.91,90389750,176000,292.55,14-AUG-2017
ICICIPRULI,434.4,443.0,430.15,435.15,435.15,854,4852.66,4239300,0,435.15,14-AUG-2017
ICIL,117.6,119.75,112.1,112.7,112.7,756,3037.09,9142000,273000,112.7,14-AUG-2017
IDBI,52.4,52.9,50.25,52.45,52.45,3681,15253.7,34392000,1448000,52.45,14-AUG-2017
IDEA,88.0,88.05,85.2,86.7,86.7,2592,15685.88,58660000,462000,86.7,14-AUG-2017
IDFC,54.45,55.55,54.2,55.0,55.0,1785,12969.32,118562400,2679600,55.0,14-AUG-2017
IDFCBANK,53.8,55.15,53.8,54.7,54.7,931,4585.89,95967000,-117000,54.7,14-AUG-2017
IFCI,21.1,23.25,21.1,23.05,23.05,1227,6143.97,79838000,792000,23.05,14-AUG-2017
IGL,1223.65,1296.5,1223.65,1288.45,1288.45,4381,30726.4,1035650,15950,1288.45,14-AUG-2017
INDIACEM,180.2,184.65,179.15,183.5,183.5,2764,17632.3,25406500,-462000,183.5,14-AUG-2017
INDIANB,288.2,297.25,281.85,293.95,293.95,1288,7482.47,3680000,-86000,293.95,14-AUG-2017
INDIGO,1225.0,1255.0,1210.05,1251.35,1251.35,804,5980.01,1566000,-69600,1251.35,14-AUG-2017
INDUSINDBK,1637.55,1647.95,1620.55,1632.0,1632.0,2708,26563.88,4474800,91800,1632.0,14-AUG-2017
INFIBEAM,1415.95,1464.45,1407.0,1441.35,1441.35,3502,20180.61,4440800,14400,1441.35,14-AUG-2017
INFRATEL,384.45,384.9,380.5,381.45,381.45,850,5528.69,11180900,78200,381.45,14-AUG-2017
INFY,989.35,990.0,979.05,984.15,984.15,5617,27661.36,26810000,661500,984.15,14-AUG-2017
IOC,414.1,423.75,410.4,419.8,419.8,4595,28858.82,20449500,-415500,419.8,14-AUG-2017
IRB,206.75,209.75,204.9,209.3,209.3,1419,7382.28,19052500,-285000,209.3,14-AUG-2017
ITC,273.75,274.55,270.75,271.5,271.5,4380,28579.04,52658400,1771200,271.5,14-AUG-2017
JETAIRWAYS,565.0,572.0,559.0,566.55,566.55,2821,19186.43,3374400,25200,566.55,14-AUG-2017
JINDALSTEL,130.65,139.0,130.65,136.8,136.8,4148,25364.51,36697500,1665000,136.8,14-AUG-2017
JISLJALEQS,93.8,97.6,93.5,95.25,95.25,425,3658.85,34902000,-684000,95.25,14-AUG-2017
JPASSOCIAT,21.0,23.8,21.0,23.05,23.05,1815,28162.83,182376000,14824000,23.05,14-AUG-2017
JSWENERGY,65.25,66.5,63.8,64.55,64.55,2959,16364.98,65059000,10123500,64.55,14-AUG-2017
JSWSTEEL,224.65,235.4,224.6,233.1,233.1,4715,32754.82,54525000,1923000,233.1,14-AUG-2017
JUBLFOOD,1306.05,1374.0,1306.05,1366.2,1366.2,5795,39090.18,1824000,72500,1366.2,14-AUG-2017
JUSTDIAL,344.95,354.75,344.95,348.2,348.2,2983,12493.11,4645200,-117600,348.2,14-AUG-2017
KAJARIACER,630.25,634.95,615.1,625.65,625.65,195,975.66,458400,-16800,625.65,14-AUG-2017
KOTAKBANK,997.1,1004.2,985.05,986.85,986.85,5034,39873.91,9079200,378400,986.85,14-AUG-2017
KPIT,113.0,113.1,110.6,112.05,112.05,458,2051.16,12540000,-48000,112.05,14-AUG-2017
KSCL,537.95,555.0,533.0,537.4,537.4,2481,20264.33,3904500,-172500,537.4,14-AUG-2017
KTKBANK,141.0,143.8,141.0,143.0,143.0,1089,5895.31,23484000,-212800,143.0,14-AUG-2017
L&TFH,166.2,172.9,165.9,172.2,172.2,3182,24270.9,14526000,310500,172.2,14-AUG-2017
LICHSGFIN,657.2,667.8,655.6,660.25,660.25,3374,24546.62,6428400,402600,660.25,14-AUG-2017
LT,1142.2,1153.0,1121.1,1147.1,1147.1,4467,38109.23,9197250,223500,1147.1,14-AUG-2017
LUPIN,946.9,970.5,945.2,967.4,967.4,7677,29408.72,8636400,-84800,967.4,14-AUG-2017
M&M,1365.0,1371.6,1351.0,1360.35,1360.35,1925,13094.54,3629500,48500,1360.35,14-AUG-2017
M&MFIN,416.35,428.65,416.35,427.1,427.1,2002,21227.05,7610000,212500,427.1,14-AUG-2017
MANAPPURAM,87.45,90.45,86.15,88.4,88.4,1900,10112.07,27606000,-450000,88.4,14-AUG-2017
MARICO,322.75,327.0,319.4,320.0,320.0,465,3898.11,4313400,117000,320.0,14-AUG-2017
MARUTI,7462.25,7582.8,7454.7,7549.25,7549.25,6218,70297.42,1814100,18750,7549.25,14-AUG-2017
MCDOWELL-N,2440.0,2511.0,2432.25,2488.3,2488.3,2121,13130.56,1977000,55000,2488.3,14-AUG-2017
MCX,1042.0,1072.45,1042.0,1065.1,1065.1,583,3093.7,1302000,15000,1065.1,14-AUG-2017
MFSL,615.5,629.35,593.1,600.8,600.8,2160,13224.58,3507000,230000,600.8,14-AUG-2017
MGL,1013.75,1037.35,1001.25,1033.75,1033.75,998,6139.19,786000,-115200,1033.75,14-AUG-2017
MINDTREE,460.0,469.1,459.45,467.7,467.7,458,2549.24,4555200,-66000,467.7,14-AUG-2017
MOTHERSUMI,323.0,330.1,323.0,325.15,325.15,1108,13571.08,7057500,135000,325.15,14-AUG-2017
MRF,64602.4,64937.35,63950.0,64072.95,64072.95,868,8380.93,47895,315,64072.95,14-AUG-2017
MRPL,121.0,122.85,120.25,121.85,121.85,387,2117.61,8473500,67500,121.85,14-AUG-2017
MUTHOOTFIN,447.55,457.55,447.55,454.85,454.85,680,4631.73,2217000,-84000,454.85,14-AUG-2017
NATIONALUM,63.45,66.4,63.25,66.2,66.2,435,2270.12,11712000,-768000,66.2,14-AUG-2017
NBCC,201.9,211.1,201.9,207.0,207.0,646,4022.92,3297000,-45000,207.0,14-AUG-2017
NCC,85.3,87.0,84.25,86.55,86.55,1095,7519.55,21416000,-896000,86.55,14-AUG-2017
NESTLEIND,6591.2,6756.7,6569.1,6664.9,6664.9,151,1005.34,81100,600,6664.9,14-AUG-2017
NHPC,30.4,31.3,30.4,31.15,31.15,202,1695.44,20385000,-1269000,31.15,14-AUG-2017
NIITTECH,486.5,490.1,480.0,487.7,487.7,231,1682.87,1351500,-1500,487.7,14-AUG-2017
NMDC,119.75,122.3,119.05,121.45,121.45,1494,10840.18,24360000,282000,121.45,14-AUG-2017
NTPC,171.7,173.85,169.45,172.4,172.4,1361,9339.76,20304000,652000,172.4,14-AUG-2017
OFSS,3581.8,3636.0,3512.25,3603.15,3603.15,225,1212.77,71400,3900,3603.15,14-AUG-2017
OIL,280.95,282.45,274.0,281.3,281.3,327,2066.69,1907972,6798,281.3,14-AUG-2017
ONGC,160.95,162.6,160.4,162.05,162.05,1869,11330.87,48825000,311250,162.05,14-AUG-2017
ORIENTBANK,120.7,121.15,117.5,119.05,119.05,2166,15465.39,16986000,246000,119.05,14-AUG-2017
PAGEIND,16120.05,16940.75,15899.95,16714.5,16714.5,441,3656.56,31350,-1600,16714.5,14-AUG-2017
PCJEWELLER,300.0,332.95,298.65,330.7,330.7,3462,33167.55,4452000,495000,330.7,14-AUG-2017
PEL,2733.35,2814.0,2720.9,2772.95,2772.95,1001,8328.3,817500,3600,2772.95,14-AUG-2017
PETRONET,213.0,218.4,211.45,216.85,216.85,2154,13963.48,12483000,-510000,216.85,14-AUG-2017
PFC,118.4,120.5,116.8,119.45,119.45,2646,18848.89,39732000,60000,119.45,14-AUG-2017
PIDILITIND,788.8,812.75,786.65,806.7,806.7,882,7087.8,916000,-70000,806.7,14-AUG-2017
PNB,142.2,143.85,140.7,143.3,143.3,5197,25893.91,24524500,0,143.3,14-AUG-2017
POWERGRID,220.0,224.1,219.05,222.9,222.9,984,8736.15,10504000,-136000,222.9,14-AUG-2017
PTC,111.65,114.55,111.15,113.9,113.9,1013,9122.12,13608000,-80000,113.9,14-AUG-2017
PVR,1286.2,1309.0,1221.9,1292.45,1292.45,1432,7267.6,733200,90400,1292.45,14-AUG-2017
RAMCOCEM,664.0,680.0,664.0,677.0,677.0,112,604.86,509600,-11200,677.0,14-AUG-2017
RAYMOND,728.5,742.45,727.0,735.85,735.85,561,3298.84,2052000,3200,735.85,14-AUG-2017
RBLBANK,487.75,496.5,487.75,494.05,494.05,1012,4989.03,14469000,-5000,494.05,14-AUG-2017
RCOM,20.7,24.8,19.8,24.2,24.2,6527,21254.55,100674000,2548000,24.2,14-AUG-2017
RDEL,52.3,53.45,52.0,52.8,52.8,506,2403.05,14643000,45000,52.8,14-AUG-2017
RECLTD,165.1,168.8,163.1,167.6,167.6,3228,32116.58,36084000,0,167.6,14-AUG-2017
RELCAPITAL,763.65,785.0,759.35,777.4,777.4,12012,139121.16,10804500,90000,777.4,14-AUG-2017
RELIANCE,1600.0,1600.0,1563.6,1578.3,1578.3,11263,88844.77,13711500,407500,1578.3,14-AUG-2017
RELINFRA,473.15,494.8,473.15,489.55,489.55,6685,42137.59,9256000,40300,489.55,14-AUG-2017
REPCOHOME,647.65,672.8,647.5,670.9,670.9,195,904.95,641200,-30800,670.9,14-AUG-2017
RPOWER,39.4,40.4,38.95,40.2,40.2,866,4140.0,60144000,240000,40.2,14-AUG-2017
SAIL,56.85,58.8,55.05,58.25,58.25,2548,17541.07,50160000,-1692000,58.25,14-AUG-2017
SBIN,281.9,283.6,277.75,279.3,279.3,19884,167293.83,77550000,2175000,279.3,14-AUG-2017
SHREECEM,17699.95,17870.05,17485.05,17631.95,17631.95,122,1075.45,29550,850,17631.95,14-AUG-2017
SIEMENS,1296.0,1309.25,1282.0,1295.25,1295.25,588,3813.08,479500,-15500,1295.25,14-AUG-2017
SINTEX,29.45,32.15,29.0,31.65,31.65,3878,8576.15,16765125,-612750,31.65,14-AUG-2017
SOUTHBANK,26.75,27.4,26.75,27.25,27.25,539,4838.43,101842293,-364551,27.25,14-AUG-2017
SREINFRA,115.0,120.5,112.95,119.55,119.55,811,4735.47,9320000,415000,119.55,14-AUG-2017
SRF,1499.9,1511.2,1457.2,1465.35,1465.35,574,4232.33,699000,23500,1465.35,14-AUG-2017
SRTRANSFIN,956.7,984.4,956.7,974.35,974.35,1909,11159.94,5414400,-106800,974.35,14-AUG-2017
STAR,880.55,924.0,878.3,914.5,914.5,1564,7042.24,2030000,-1500,914.5,14-AUG-2017
SUNPHARMA,437.85,477.75,434.05,473.4,473.4,38303,139735.68,40756800,1404800,473.4,14-AUG-2017
SUNTV,731.75,755.6,713.7,750.85,750.85,7116,52655.95,7447000,-191000,750.85,14-AUG-2017
SUZLON,16.3,17.8,16.15,17.5,17.5,10311,53095.5,487080000,-39570000,17.5,14-AUG-2017
SYNDIBANK,64.0,64.2,62.8,63.6,63.6,609,3469.32,19080000,-261000,63.6,14-AUG-2017
TATACHEM,587.0,596.0,582.85,593.35,593.35,1238,10939.5,4329000,-7500,593.35,14-AUG-2017
TATACOMM,599.35,631.7,599.1,628.9,628.9,3042,13170.58,8962100,-266000,628.9,14-AUG-2017
TATAELXSI,1631.95,1658.95,1626.3,1650.65,1650.65,1188,7810.06,1208800,-27200,1650.65,14-AUG-2017
TATAGLOBAL,165.55,180.8,165.45,179.45,179.45,8021,63134.61,29484000,333000,179.45,14-AUG-2017
TATAMOTORS,381.2,382.85,374.05,377.2,377.2,6778,38387.51,43257000,495000,377.2,14-AUG-2017
TATAMTRDVR,226.5,228.3,223.8,226.75,226.75,1787,8496.33,19916400,-480900,226.75,14-AUG-2017
TATAPOWER,77.05,81.2,76.7,79.75,79.75,2781,19864.74,26712000,954000,79.75,14-AUG-2017
TATASTEEL,604.9,626.0,604.85,623.75,623.75,14755,182451.61,24284000,864000,623.75,14-AUG-2017
TCS,2509.9,2514.5,2473.4,2477.95,2477.95,2541,15845.98,5349500,66750,2477.95,14-AUG-2017
TECHM,406.05,408.4,400.45,402.45,402.45,1405,6231.96,8394100,282700,402.45,14-AUG-2017
TITAN,616.7,637.95,612.75,633.3,633.3,5901,55825.77,5509500,189000,633.3,14-AUG-2017
TORNTPHARM,1240.1,1251.0,1223.0,1225.65,1225.65,176,870.61,222800,1200,1225.65,14-AUG-2017
TORNTPOWER,197.05,205.55,196.1,204.0,204.0,1570,9509.41,6156000,-168000,204.0,14-AUG-2017
TV18BRDCST,35.7,36.5,35.5,36.4,36.4,332,2037.86,82450000,-357000,36.4,14-AUG-2017
TVSMOTOR,543.6,553.9,536.1,550.5,550.5,2737,29851.07,5726000,156000,550.5,14-AUG-2017
UBL,798.45,806.0,789.65,797.75,797.75,593,3309.68,1152900,-93100,797.75,14-AUG-2017
UJJIVAN,311.5,320.3,311.4,316.55,316.55,1728,6568.3,7530000,-12000,316.55,14-AUG-2017
ULTRACEMCO,3959.4,3985.9,3941.4,3968.0,3968.0,1156,9165.89,1442800,12000,3968.0,14-AUG-2017
UNIONBANK,128.4,130.0,127.45,128.5,128.5,2905,14942.56,20340000,-188000,128.5,14-AUG-2017
UPL,823.4,864.0,823.4,858.95,858.95,1830,18657.54,4645200,-112800,858.95,14-AUG-2017
VEDL,284.8,294.3,283.4,290.5,290.5,10789,109334.46,37639000,1288000,290.5,14-AUG-2017
VGUARD,174.0,179.75,171.05,178.7,178.7,318,1686.0,3066000,-93000,178.7,14-AUG-2017
VOLTAS,520.0,556.65,520.0,554.15,554.15,5833,63480.07,3924000,646000,554.15,14-AUG-2017
WIPRO,290.05,291.5,287.8,288.95,288.95,1225,8494.22,21801600,91200,288.95,14-AUG-2017
WOCKPHARMA,564.55,571.4,561.1,567.55,567.55,910,4120.25,3196800,94400,567.55,14-AUG-2017
YESBANK,1756.05,1793.95,1756.0,1785.7,1785.7,13598,84651.31,8623650,68950,1785.7,14-AUG-2017
ZEEL,513.3,522.45,502.45,518.9,518.9,2352,15703.26,6100900,107900,518.9,14-AUG-2017
ACC,1792.2,1815.95,1775.05,1811.3,1811.3,2990,21528.36,1243600,100400,1811.3,16-AUG-2017
ADANIENT,112.55,116.45,109.3,115.55,115.55,3956,35590.86,24640000,256000,115.55,16-AUG-2017
ADANIPORTS,399.1,405.3,392.9,398.4,398.4,2925,29181.18,6882500,32500,398.4,16-AUG-2017
ADANIPOWER,28.55,29.75,28.45,29.65,29.65,1002,5857.19,91780000,-1380000,29.65,16-AUG-2017
AJANTPHARM,1245.0,1262.6,1227.35,1254.4,1254.4,533,2664.8,533200,-15600,1254.4,16-AUG-2017
ALBK,65.8,67.75,64.4,67.25,67.25,1253,8248.4,16370000,710000,67.25,16-AUG-2017
AMARAJABAT,821.9,832.8,812.0,816.85,816.85,1062,5241.24,1454400,6600,816.85,16-AUG-2017
AMBUJACEM,266.45,271.75,265.4,270.95,270.95,1710,11483.75,10180000,460000,270.95,16-AUG-2017
ANDHRABANK,50.95,51.65,49.65,51.3,51.3,1036,5234.41,23280000,-200000,51.3,16-AUG-2017
APOLLOHOSP,1177.15,1180.0,1156.15,1164.45,1164.45,1463,8523.7,1282500,32000,1164.45,16-AUG-2017
APOLLOTYRE,264.0,274.1,260.45,272.95,272.95,5383,43148.15,10794000,-180000,272.95,16-AUG-2017
ARVIND,373.35,378.9,371.1,377.25,377.25,1871,14056.05,6238000,-88000,377.25,16-AUG-2017
ASHOKLEY,106.05,106.35,102.45,105.2,105.2,4372,31882.05,50771000,5467000,105.2,16-AUG-2017
ASIANPAINT,1156.35,1157.75,1131.3,1142.65,1142.65,2400,16438.56,2943000,207600,1142.65,16-AUG-2017
AUROPHARMA,716.75,718.2,707.15,716.65,716.65,4381,25001.99,12627200,224000,716.65,16-AUG-2017
AXISBANK,495.0,502.6,489.0,500.85,500.85,10458,62067.87,32810400,648000,500.85,16-AUG-2017
BAJAJ-AUTO,2813.2,2865.0,2811.95,2850.05,2850.05,1930,13755.4,1211250,78500,2850.05,16-AUG-2017
BAJAJFINSV,5287.95,5429.95,5184.05,5380.1,5380.1,2470,16350.49,401250,10250,5380.1,16-AUG-2017
BAJFINANCE,1732.25,1733.8,1687.2,1727.9,1727.9,4976,42558.18,3720000,21500,1727.9,16-AUG-2017
BALKRISIND,1538.2,1565.5,1512.05,1559.2,1559.2,381,2351.62,525200,9600,1559.2,16-AUG-2017
BALRAMCHIN,169.15,170.3,166.1,168.0,168.0,1179,6919.55,11956000,56000,168.0,16-AUG-2017
BANKBARODA,143.7,149.0,138.25,147.7,147.7,16376,81971.49,58772000,4231500,147.7,16-AUG-2017
BANKINDIA,145.1,148.25,141.8,147.6,147.6,4410,38289.1,18288000,-42000,147.6,16-AUG-2017
BATAINDIA,668.05,675.95,657.5,673.85,673.85,3044,22382.6,3081100,8800,673.85,16-AUG-2017
BEL,177.5,178.25,174.3,176.0,176.0,658,5227.9,16029000,-81000,176.0,16-AUG-2017
BEML,1750.1,1754.5,1697.35,1724.9,1724.9,4334,44759.93,1867200,-4800,1724.9,16-AUG-2017
BERGEPAINT,248.15,250.25,245.0,247.15,247.15,344,1875.66,939400,-30800,247.15,16-AUG-2017
BHARATFIN,808.8,827.0,803.65,824.25,824.25,4683,38322.29,11229000,79000,824.25,16-AUG-2017
BHARATFORG,1186.8,1203.75,1183.5,1191.85,1191.85,3009,21568.05,4632000,11400,1191.85,16-AUG-2017
BHARTIARTL,410.0,412.35,405.35,408.7,408.7,2630,18236.54,29569800,-181900,408.7,16-AUG-2017
BHEL,127.3,129.85,124.5,129.2,129.2,2685,17126.04,32220000,-895000,129.2,16-AUG-2017
BIOCON,350.05,352.7,320.25,329.3,329.3,14273,84816.51,11775600,1301400,329.3,16-AUG-2017
BOSCHLTD,22282.4,22656.95,21686.65,22382.65,22382.65,1583,8740.21,93000,3550,22382.65,16-AUG-2017
BPCL,483.05,489.0,476.05,485.3,485.3,3392,29465.31,14112000,797400,485.3,16-AUG-2017
BRITANNIA,4200.7,4316.8,4198.3,4303.45,4303.45,2174,18551.53,445200,30400,4303.45,16-AUG-2017
CADILAHC,494.7,494.7,475.3,485.1,485.1,1287,9916.62,2676800,-12800,485.1,16-AUG-2017
CANBK,332.45,339.45,323.05,337.9,337.9,6586,67093.59,9526476,-12336,337.9,16-AUG-2017
CANFINHOME,2942.0,2995.0,2876.25,2983.1,2983.1,565,4161.18,576000,13000,2983.1,16-AUG-2017
CAPF,735.5,752.65,723.05,744.8,744.8,1851,10941.55,3109600,53600,744.8,16-AUG-2017
CASTROLIND,380.5,387.75,379.1,386.8,386.8,553,2976.06,10074400,-65800,386.8,16-AUG-2017
CEATLTD,1698.35,1724.0,1662.0,1719.2,1719.2,5134,60986.69,1694700,58100,1719.2,16-AUG-2017
CENTURYTEX,1223.35,1226.8,1201.95,1218.75,1218.75,4820,32195.68,7770950,52250,1218.75,16-AUG-2017
CESC,947.0,949.05,935.0,945.35,945.35,1206,12499.57,6446000,165000,945.35,16-AUG-2017
CGPOWER,81.95,82.75,80.3,81.4,81.4,635,6203.73,19992000,-264000,81.4,16-AUG-2017
CHENNPETRO,379.95,395.0,379.95,391.7,391.7,937,5457.47,2283000,-93000,391.7,16-AUG-2017
CHOLAFIN,1167.2,1171.1,1149.05,1166.3,1166.3,160,927.54,311000,22500,1166.3,16-AUG-2017
CIPLA,568.1,595.55,563.1,592.6,592.6,4927,28664.43,7510000,171000,592.6,16-AUG-2017
COALINDIA,237.05,240.25,235.25,239.1,239.1,5468,22070.3,26389100,884000,239.1,16-AUG-2017
COLPAL,1057.05,1073.35,1050.0,1071.15,1071.15,602,4475.9,1309700,-9100,1071.15,16-AUG-2017
CONCOR,1174.45,1250.0,1174.45,1235.1,1235.1,2757,21143.11,946875,43125,1235.1,16-AUG-2017
CUMMINSIND,890.55,927.25,887.75,922.15,922.15,748,4095.35,589200,-50400,922.15,16-AUG-2017
DABUR,309.65,311.95,307.95,310.1,310.1,530,4104.09,12737500,-17500,310.1,16-AUG-2017
DALMIABHA,2550.0,2619.9,2550.0,2614.1,2614.1,481,3750.28,725100,12600,2614.1,16-AUG-2017
DCBBANK,183.3,186.7,180.45,186.1,186.1,1185,9805.33,6993000,40500,186.1,16-AUG-2017
DHFL,440.85,453.4,428.6,450.35,450.35,8286,55196.5,18835500,951000,450.35,16-AUG-2017
DISHTV,74.3,74.75,71.3,72.4,72.4,972,4942.29,18179000,756000,72.4,16-AUG-2017
DIVISLAB,645.15,660.6,636.6,657.6,657.6,2848,14823.11,7037600,-30400,657.6,16-AUG-2017
DLF,179.6,183.9,174.2,181.75,181.75,9136,81361.33,40935000,3030000,181.75,16-AUG-2017
DRREDDY,2009.35,2021.9,1975.3,2007.0,2007.0,5714,22831.16,4571200,84000,2007.0,16-AUG-2017
EICHERMOT,30500.35,30712.45,30101.5,30609.7,30609.7,2543,19389.17,142375,3775,30609.7,16-AUG-2017
ENGINERSIN,150.5,151.8,147.15,151.45,151.45,1347,7076.55,11301500,-444500,151.45,16-AUG-2017
EQUITAS,157.5,158.5,154.7,157.75,157.75,365,1830.77,6931200,182400,157.75,16-AUG-2017
ESCORTS,615.85,643.3,605.45,639.95,639.95,4508,31185.43,4790500,-34100,639.95,16-AUG-2017
EXIDEIND,208.15,209.4,205.3,207.4,207.4,1061,8823.8,13676000,-24000,207.4,16-AUG-2017
FEDERALBNK,109.35,110.7,106.7,110.45,110.45,2719,32553.61,64988000,-99000,110.45,16-AUG-2017
FORTIS,151.75,152.75,149.2,151.5,151.5,458,1871.31,42236100,-261900,151.5,16-AUG-2017
GAIL,371.0,373.15,367.75,369.65,369.65,1360,10053.92,9930000,384000,369.65,16-AUG-2017
GLENMARK,635.85,669.0,620.75,624.0,624.0,2889,12705.21,5574100,368900,624.0,16-AUG-2017
GMRINFRA,16.25,16.7,16.05,16.55,16.55,1367,10038.12,308925000,-4230000,16.55,16-AUG-2017
GODFRYPHLP,916.9,1052.7,863.0,1042.8,1042.8,3711,18739.35,771500,18000,1042.8,16-AUG-2017
GODREJCP,932.0,945.0,912.55,924.85,924.85,994,7367.41,2164000,53600,924.85,16-AUG-2017
GODREJIND,584.2,615.5,584.05,611.9,611.9,1766,15966.34,2691000,-94500,611.9,16-AUG-2017
GRANULES,120.5,128.7,119.6,127.2,127.2,4251,26369.37,12995000,410000,127.2,16-AUG-2017
GRASIM,1122.95,1127.2,1093.85,1107.7,1107.7,3120,25893.97,2525250,-19500,1107.7,16-AUG-2017
GSFC,124.5,125.45,121.6,124.95,124.95,1120,6259.09,13981500,-9000,124.95,16-AUG-2017
HAVELLS,475.0,482.0,459.15,465.05,465.05,1986,18521.93,3596000,514000,465.05,16-AUG-2017
HCC,35.55,36.2,34.9,36.0,36.0,472,2020.42,25644000,336000,36.0,16-AUG-2017
HCLTECH,863.7,868.3,851.85,865.15,865.15,2000,12037.99,5944400,235900,865.15,16-AUG-2017
HDFC,1720.0,1759.15,1718.2,1742.55,1742.55,7842,68242.83,9770500,642000,1742.55,16-AUG-2017
HDFCBANK,1773.65,1789.0,1750.35,1779.9,1779.9,11043,97756.91,20475000,765500,1779.9,16-AUG-2017
HDIL,63.5,64.3,61.05,62.65,62.65,1475,7417.95,32976000,-2368000,62.65,16-AUG-2017
HEROMOTOCO,3960.35,4043.0,3936.0,4020.85,4020.85,4503,36071.94,982000,115400,4020.85,16-AUG-2017
HEXAWARE,265.9,268.25,262.45,265.1,265.1,1231,9798.13,2232000,84000,265.1,16-AUG-2017
HINDALCO,231.55,236.9,228.1,234.4,234.4,9143,74433.47,40435500,1162000,234.4,16-AUG-2017
HINDPETRO,441.45,444.55,433.0,437.6,437.6,3976,27525.15,26023725,-207900,437.6,16-AUG-2017
HINDUNILVR,1174.95,1189.8,1155.3,1186.4,1186.4,3562,25172.06,8956200,328800,1186.4,16-AUG-2017
HINDZINC,284.05,295.35,282.5,292.15,292.15,2852,26504.4,10544000,585600,292.15,16-AUG-2017
IBREALEST,227.45,234.0,227.45,231.55,231.55,627,14515.05,40180000,-70000,231.55,16-AUG-2017
IBULHSGFIN,1180.3,1215.8,1170.05,1209.95,1209.95,4351,41783.88,7523200,172000,1209.95,16-AUG-2017
ICICIBANK,294.0,296.0,288.05,295.4,295.4,10335,83059.59,93139750,2750000,295.4,16-AUG-2017
ICICIPRULI,442.5,442.5,431.4,437.05,437.05,384,2174.34,4305600,66300,437.05,16-AUG-2017
ICIL,114.7,119.8,112.1,117.95,117.95,1351,5504.08,10010000,868000,117.95,16-AUG-2017
IDBI,51.0,53.8,51.0,53.4,53.4,1799,7534.39,34944000,552000,53.4,16-AUG-2017
IDEA,86.2,87.65,85.75,87.35,87.35,1868,11378.68,58002000,-658000,87.35,16-AUG-2017
IDFC,55.15,57.35,54.75,57.0,57.0,1830,13581.89,120872400,2310000,57.0,16-AUG-2017
IDFCBANK,54.8,56.0,54.45,55.9,55.9,1599,7955.56,96660000,693000,55.9,16-AUG-2017
IFCI,23.1,23.25,22.5,23.15,23.15,1024,5139.33,78760000,-1078000,23.15,16-AUG-2017
IGL,1295.15,1313.1,1270.0,1279.45,1279.45,1534,10824.78,953700,-81950,1279.45,16-AUG-2017
INDIACEM,183.55,186.2,179.25,185.0,185.0,2891,18514.96,25616500,210000,185.0,16-AUG-2017
INDIANB,295.95,298.3,287.75,296.65,296.65,1284,7513.0,3598000,-82000,296.65,16-AUG-2017
INDIGO,1255.0,1312.0,1250.0,1283.8,1283.8,2437,18900.04,1541400,-24600,1283.8,16-AUG-2017
INDUSINDBK,1628.95,1659.0,1610.0,1654.0,1654.0,3991,39189.94,4599000,124200,1654.0,16-AUG-2017
INFIBEAM,1442.6,1470.85,1435.0,1445.75,1445.75,2539,14811.47,4474000,33200,1445.75,16-AUG-2017
INFRATEL,383.6,385.25,379.05,383.6,383.6,1264,8225.5,11526000,345100,383.6,16-AUG-2017
INFY,985.55,986.95,970.4,978.95,978.95,9433,46118.05,27687500,877500,978.95,16-AUG-2017
IOC,421.65,427.25,420.6,421.55,421.55,3880,24680.58,20455500,6000,421.55,16-AUG-2017
IRB,210.35,213.9,207.85,212.8,212.8,1597,8442.84,18697500,-355000,212.8,16-AUG-2017
ITC,271.95,281.75,271.25,279.35,279.35,12371,82423.73,50798400,-1860000,279.35,16-AUG-2017
JETAIRWAYS,568.15,593.7,560.9,589.45,589.45,5000,35019.58,3496800,122400,589.45,16-AUG-2017
JINDALSTEL,137.5,140.5,131.0,139.0,139.0,5759,35418.18,38002500,1305000,139.0,16-AUG-2017
JISLJALEQS,93.55,97.4,92.65,95.75,95.75,741,6360.54,34965000,63000,95.75,16-AUG-2017
JPASSOCIAT,23.5,24.4,22.5,23.95,23.95,811,13066.23,175916000,-6460000,23.95,16-AUG-2017
JSWENERGY,65.2,65.35,63.5,64.95,64.95,3118,17109.77,74732000,9673000,64.95,16-AUG-2017
JSWSTEEL,231.55,238.75,230.85,238.1,238.1,5409,38158.68,55167000,642000,238.1,16-AUG-2017
JUBLFOOD,1415.0,1444.7,1382.5,1394.45,1394.45,9145,64554.25,1929000,105000,1394.45,16-AUG-2017
JUSTDIAL,350.9,354.15,348.3,351.5,351.5,1946,8203.81,4754400,109200,351.5,16-AUG-2017
KAJARIACER,619.75,628.0,612.2,622.5,622.5,184,912.77,457600,-800,622.5,16-AUG-2017
KOTAKBANK,984.9,1005.4,970.85,1000.7,1000.7,6163,48864.11,9312000,232800,1000.7,16-AUG-2017
KPIT,112.5,113.95,111.7,113.2,113.2,356,1606.82,12584000,44000,113.2,16-AUG-2017
KSCL,539.75,565.6,535.2,563.0,563.0,1847,15298.97,3964500,60000,563.0,16-AUG-2017
KTKBANK,143.8,146.6,140.65,146.1,146.1,1690,9250.94,23848800,364800,146.1,16-AUG-2017
L&TFH,173.2,177.25,171.1,176.45,176.45,4023,31670.1,15097500,571500,176.45,16-AUG-2017
LICHSGFIN,660.05,665.9,650.05,662.3,662.3,4873,35402.26,6888200,459800,662.3,16-AUG-2017
LT,1148.75,1152.0,1125.1,1142.25,1142.25,5601,47748.5,9471750,274500,1142.25,16-AUG-2017
LUPIN,975.0,975.0,952.5,963.9,963.9,5546,21378.32,8784800,148400,963.9,16-AUG-2017
M&M,1366.8,1377.0,1351.35,1371.2,1371.2,2079,14203.82,3853000,223500,1371.2,16-AUG-2017
M&MFIN,428.7,431.2,415.15,425.4,425.4,2895,30556.74,7560000,-50000,425.4,16-AUG-2017
MANAPPURAM,89.45,91.0,88.8,90.25,90.25,900,4850.9,27726000,120000,90.25,16-AUG-2017
MARICO,321.15,322.0,313.35,317.9,317.9,922,7593.6,4888000,574600,317.9,16-AUG-2017
MARUTI,7574.05,7641.0,7522.25,7626.55,7626.55,7163,81593.52,1795500,-18600,7626.55,16-AUG-2017
MCDOWELL-N,2498.3,2565.05,2494.0,2557.7,2557.7,2741,17399.29,1927750,-49250,2557.7,16-AUG-2017
MCX,1064.6,1086.45,1050.1,1078.8,1078.8,502,2693.5,1305500,3500,1078.8,16-AUG-2017
MFSL,606.75,624.0,602.0,608.4,608.4,3873,23644.99,4826000,1319000,608.4,16-AUG-2017
MGL,1029.1,1051.0,1023.1,1040.05,1040.05,635,3956.69,739800,-46200,1040.05,16-AUG-2017
MINDTREE,466.0,471.9,461.25,470.2,470.2,377,2109.77,4525200,-30000,470.2,16-AUG-2017
MOTHERSUMI,328.65,338.75,328.65,333.0,333.0,2432,30543.5,7335000,277500,333.0,16-AUG-2017
MRF,64212.85,65995.0,63434.4,65810.7,65810.7,1464,14255.26,47955,60,65810.7,16-AUG-2017
MRPL,122.0,125.5,121.0,124.55,124.55,756,4214.17,8532000,58500,124.55,16-AUG-2017
MUTHOOTFIN,455.9,457.75,447.0,455.85,455.85,540,3678.01,2224500,7500,455.85,16-AUG-2017
NATIONALUM,66.9,70.95,65.95,69.4,69.4,688,3785.16,11136000,-576000,69.4,16-AUG-2017
NBCC,208.9,212.45,206.6,209.3,209.3,807,5068.79,3333000,36000,209.3,16-AUG-2017
NCC,86.55,88.0,85.1,87.85,87.85,729,5057.47,21216000,-200000,87.85,16-AUG-2017
NESTLEIND,6633.1,6720.0,6633.1,6692.95,6692.95,112,749.01,83500,2400,6692.95,16-AUG-2017
NHPC,31.15,31.3,30.7,31.25,31.25,205,1716.25,20088000,-297000,31.25,16-AUG-2017
NIITTECH,490.0,498.95,490.0,492.8,492.8,414,3068.85,1347000,-4500,492.8,16-AUG-2017
NMDC,121.55,122.6,119.85,121.75,121.75,1449,10541.24,24900000,540000,121.75,16-AUG-2017
NTPC,172.1,173.7,170.25,170.6,170.6,2138,14686.78,21520000,1216000,170.6,16-AUG-2017
OFSS,3603.0,3613.15,3531.0,3575.05,3575.05,154,823.91,71850,450,3575.05,16-AUG-2017
OIL,283.05,288.4,277.35,287.25,287.25,249,1600.99,1889844,-18128,287.25,16-AUG-2017
ONGC,161.95,161.95,159.75,161.2,161.2,2045,12328.53,50355000,1530000,161.2,16-AUG-2017
ORIENTBANK,119.6,125.35,117.65,124.5,124.5,2524,18372.68,17316000,330000,124.5,16-AUG-2017
PAGEIND,16699.95,17167.7,16670.0,17124.35,17124.35,404,3421.63,30000,-1350,17124.35,16-AUG-2017
PCJEWELLER,332.95,349.4,324.35,345.9,345.9,3066,30997.51,4809000,357000,345.9,16-AUG-2017
PEL,2780.0,2780.0,2706.35,2757.8,2757.8,1117,9195.08,832800,15300,2757.8,16-AUG-2017
PETRONET,218.15,230.1,218.15,229.3,229.3,4188,28279.61,12162000,-321000,229.3,16-AUG-2017
PFC,119.5,120.4,116.4,118.75,118.75,2257,16003.84,40518000,786000,118.75,16-AUG-2017
PIDILITIND,811.9,817.9,805.75,813.6,813.6,629,5109.72,944000,28000,813.6,16-AUG-2017
PNB,143.65,149.6,141.1,148.2,148.2,8821,44577.98,24444000,-80500,148.2,16-AUG-2017
POWERGRID,223.05,224.45,220.1,220.7,220.7,937,8299.45,11404000,900000,220.7,16-AUG-2017
PTC,114.8,116.9,113.6,116.5,116.5,820,7577.25,13656000,48000,116.5,16-AUG-2017
PVR,1299.9,1335.0,1277.4,1330.7,1330.7,888,4645.47,730800,-2400,1330.7,16-AUG-2017
RAMCOCEM,676.0,705.0,676.0,696.85,696.85,181,1000.45,500800,-8800,696.85,16-AUG-2017
RAYMOND,740.0,750.75,730.65,742.1,742.1,596,3538.72,2098400,46400,742.1,16-AUG-2017
RBLBANK,495.85,519.4,493.3,516.9,516.9,2729,13860.61,14627000,158000,516.9,16-AUG-2017
RCOM,23.75,23.95,22.6,23.5,23.5,2341,7625.33,102564000,1890000,23.5,16-AUG-2017
RDEL,53.15,53.75,52.05,53.6,53.6,298,1420.84,14679000,36000,53.6,16-AUG-2017
RECLTD,166.45,169.2,162.8,164.85,164.85,3182,31429.45,37308000,1224000,164.85,16-AUG-2017
RELCAPITAL,779.6,797.65,776.2,794.25,794.25,11099,131531.71,10714500,-90000,794.25,16-AUG-2017
RELIANCE,1573.15,1578.0,1552.5,1571.75,1571.75,14377,112487.96,14414000,702500,1571.75,16-AUG-2017
RELINFRA,490.0,502.95,482.2,496.5,496.5,6928,44349.61,9269000,13000,496.5,16-AUG-2017
REPCOHOME,672.95,703.45,666.2,699.35,699.35,272,1313.21,634900,-6300,699.35,16-AUG-2017
RPOWER,40.6,40.95,39.8,40.8,40.8,859,4170.63,60420000,276000,40.8,16-AUG-2017
SAIL,58.5,60.0,57.2,59.55,59.55,2221,15579.72,48912000,-1248000,59.55,16-AUG-2017
SBIN,280.0,284.75,275.05,284.15,284.15,19765,166025.7,79302000,1752000,284.15,16-AUG-2017
SHREECEM,17850.05,18177.2,17252.0,17554.25,17554.25,194,1704.14,30650,1100,17554.25,16-AUG-2017
SIEMENS,1303.55,1315.75,1290.95,1312.65,1312.65,946,6174.86,479500,0,1312.65,16-AUG-2017
SINTEX,33.05,34.15,32.1,33.7,33.7,4027,9502.08,15632250,-1132875,33.7,16-AUG-2017
SOUTHBANK,27.85,28.15,26.95,28.1,28.1,891,8178.5,101477742,-364551,28.1,16-AUG-2017
SREINFRA,118.3,121.55,116.6,120.25,120.25,482,2875.88,9400000,80000,120.25,16-AUG-2017
SRF,1472.55,1498.0,1444.0,1490.45,1490.45,1029,7565.6,677500,-21500,1490.45,16-AUG-2017
SRTRANSFIN,979.0,988.0,954.15,979.65,979.65,1693,9866.09,5386200,-28200,979.65,16-AUG-2017
STAR,918.95,928.3,909.0,919.65,919.65,752,3457.14,2065500,35500,919.65,16-AUG-2017
SUNPHARMA,477.25,487.0,468.05,486.05,486.05,18314,70360.02,39854400,-902400,486.05,16-AUG-2017
SUNTV,752.35,754.9,735.5,746.6,746.6,2859,21255.72,7425000,-22000,746.6,16-AUG-2017
SUZLON,17.6,17.75,17.1,17.65,17.65,4878,25656.63,486450000,-630000,17.65,16-AUG-2017
SYNDIBANK,63.75,65.25,62.9,65.05,65.05,777,4474.59,19107000,27000,65.05,16-AUG-2017
TATACHEM,593.0,604.0,585.7,601.5,601.5,1228,10981.81,4330500,1500,601.5,16-AUG-2017
TATACOMM,625.0,647.0,621.0,631.2,631.2,3770,16801.54,8941100,-21000,631.2,16-AUG-2017
TATAELXSI,1666.05,1695.4,1658.95,1691.45,1691.45,1572,10572.24,1152800,-56000,1691.45,16-AUG-2017
TATAGLOBAL,182.3,196.7,181.5,194.1,194.1,17154,147468.47,30636000,1152000,194.1,16-AUG-2017
TATAMOTORS,381.0,390.8,376.7,389.4,389.4,14565,83989.86,42517500,-739500,389.4,16-AUG-2017
TATAMTRDVR,227.75,232.75,224.25,232.0,232.0,2600,12498.46,20336400,420000,232.0,16-AUG-2017
TATAPOWER,81.4,83.65,81.4,82.3,82.3,2576,19169.81,27630000,918000,82.3,16-AUG-2017
TATASTEEL,622.1,632.15,621.25,631.15,631.15,14150,177565.89,24136000,-148000,631.15,16-AUG-2017
TCS,2470.85,2592.95,2470.2,2492.45,2492.45,4660,28966.1,5475000,125500,2492.45,16-AUG-2017
TECHM,401.25,426.6,399.35,419.95,419.95,5704,26247.47,8602000,207900,419.95,16-AUG-2017
TITAN,635.35,639.8,620.55,628.6,628.6,3381,31892.03,5470500,-39000,628.6,16-AUG-2017
TORNTPHARM,1253.7,1332.2,1223.55,1318.95,1318.95,1085,5632.43,237200,14400,1318.95,16-AUG-2017
TORNTPOWER,206.9,213.95,205.25,211.55,211.55,1881,11905.86,6009000,-147000,211.55,16-AUG-2017
TV18BRDCST,36.3,37.0,35.95,36.9,36.9,426,2646.99,82314000,-136000,36.9,16-AUG-2017
TVSMOTOR,554.65,586.5,552.6,583.7,583.7,5131,58898.78,6338000,612000,583.7,16-AUG-2017
UBL,801.95,813.4,791.55,810.9,810.9,519,2933.52,1096200,-56700,810.9,16-AUG-2017
UJJIVAN,317.3,324.7,312.5,323.9,323.9,1916,7380.72,7261200,-268800,323.9,16-AUG-2017
ULTRACEMCO,3948.9,3974.25,3907.6,3947.2,3947.2,2037,16033.87,1509400,66600,3947.2,16-AUG-2017
UNIONBANK,129.05,134.8,126.1,133.8,133.8,5468,28431.57,20820000,480000,133.8,16-AUG-2017
UPL,861.0,879.0,852.15,855.4,855.4,1549,15998.11,4610400,-34800,855.4,16-AUG-2017
VEDL,293.1,299.9,287.55,298.2,298.2,12299,126558.49,40722500,3083500,298.2,16-AUG-2017
VGUARD,178.05,179.8,171.5,178.3,178.3,442,2329.19,3141000,75000,178.3,16-AUG-2017
VOLTAS,553.65,554.95,540.45,544.65,544.65,3266,35623.13,3404000,-520000,544.65,16-AUG-2017
WIPRO,289.45,290.4,287.95,289.8,289.8,1186,8235.45,22459200,657600,289.8,16-AUG-2017
WOCKPHARMA,565.2,577.0,561.5,572.85,572.85,1076,4911.15,3236000,39200,572.85,16-AUG-2017
YESBANK,1791.05,1795.2,1736.3,1768.8,1768.8,18407,113337.22,9005500,381850,1768.8,16-AUG-2017
ZEEL,513.65,523.75,511.0,519.45,519.45,1673,11243.48,6267300,166400,519.45,16-AUG-2017
